﻿<?xml version="1.0" encoding="UTF-8"?>
<!DOCTYPE configuration PUBLIC "-//mybatis.org//DTD Config 3.0//EN"
"http://mybatis.org/dtd/mybatis-3-config.dtd">


<configuration>
	
<properties resource="db.properties"/>
	 

	<environments default="development">
		<environment id="development">
			<!-- 配置事务管理，采用JDBC的事物管理 -->
			<transactionManager type="JDBC"/>
			<!-- POOLED:mybatis自带的数据源 JNDI:基于tomcat的数据源 -->
			<dataSource type="POOLED">
				<property name="driver" value="${driver}"/>
				<property name="url" value="${url}"/>
				<property name="username" value="${username}"/>
				<property name="password" value="${password}"/>
			</dataSource>	
		</environment>
	</environments>
	
	

	
	<mappers>
			<!-- 关联的是com.stu.mapper下面的StuMapper.xml -->
		<mapper resource="com/stu/mapper/StuMapper.xml"/>
	</mappers>
</configuration>