<?xml version="1.0" encoding="UTF-8"?>
<!DOCTYPE mapper PUBLIC   
	    "-//mybatis.org//DTD mapper 3.0//EN"  
	    "mybatis-3-mapper.dtd">
	    
	    
<mapper namespace="com.stu.mapper.StuMapper" >

<insert id="insert" parameterType="com.stu.entity.Stu">
	insert into stu values(#{sid},#{sname},#{age},#{sex},#{address})
</insert>

<update id="update" parameterType="com.stu.entity.Stu">
	update stu set sname=#{sname},age=#{age},sex=#{sex},address=#{address} where sid=#{sid}
</update>

<select id="findAll" resultType="com.stu.entity.Stu">
	select * from stu
</select>

<select id="findById" parameterType="int" resultType="com.stu.entity.Stu">
	select * from stu where sid=#{sid}
</select>

<delete id="delete" parameterType="int">
	delete from stu where sid=#{sid} 
</delete>

</mapper>